id,first_name,last_name,email,gender,ip_address
1,Dalt,Gasnell,dgasnell0@ycombinator.com,Male,47.7.67.169
2,Sonny,Porkiss,sporkiss1@spiegel.de,Male,235.128.75.195
3,Annissa,Chrystie,achrystie2@woothemes.com,Female,203.218.23.213
4,Leonhard,Deeble,ldeeble3@ning.com,Male,101.41.155.179
5,Gaultiero,Randal,grandal4@nymag.com,Male,12.162.184.245
6,Nickolaus,Simper,nsimper5@mashable.com,Male,82.112.197.88
7,Lee,Karel,lkarel6@merriam-webster.com,Female,220.180.250.208
8,Gerard,Onele,gonele7@wordpress.org,Male,231.241.51.221
9,Kayla,Arnow,karnow8@about.com,Polygender,181.238.0.114
10,Stephenie,Connah,sconnah9@deviantart.com,Female,84.39.185.124
11,Christiane,Kubal,ckubala@godaddy.com,Female,99.60.86.82
12,Giovanna,Barca,gbarcab@angelfire.com,Female,78.58.59.224
13,Dur,Tortoishell,dtortoishellc@npr.org,Male,45.107.200.190
14,Elita,Gori,egorid@kickstarter.com,Female,220.193.216.77
15,Reggie,Tribell,rtribelle@reuters.com,Male,75.94.212.9
16,Warden,Piscotti,wpiscottif@accuweather.com,Male,249.166.176.107
17,Axel,Searby,asearbyg@biblegateway.com,Male,172.107.202.30
18,Phillipp,Hotson,photsonh@geocities.jp,Male,200.165.117.1
19,Donelle,Gretton,dgrettoni@purevolume.com,Female,129.185.145.108
20,Dagmar,Sones,dsonesj@imgur.com,Female,146.10.191.239
21,Hercule,Perillio,hperilliok@goo.ne.jp,Male,36.193.238.99
22,Miof mela,Beadell,mbeadelll@biblegateway.com,Female,66.151.21.194
23,Sean,Gartan,sgartanm@istockphoto.com,Female,223.109.244.28
24,Alli,Alentyev,aalentyevn@cafepress.com,Female,110.14.134.172
25,Nadeen,Oldland,noldlando@ezinearticles.com,Female,112.0.119.87
26,Adolph,Stathers,astathersp@php.net,Male,200.88.42.54
27,Philippe,Cookney,pcookneyq@patch.com,Female,145.163.114.225
28,Malvin,Raffles,mrafflesr@storify.com,Agender,130.51.151.19
29,Marty,De'Ath,mdeaths@github.com,Female,163.151.35.164
30,Olly,Milam,omilamt@yahoo.co.jp,Male,118.193.148.212
31,Garek,MacAlees,gmacaleesu@mlb.com,Male,181.1.227.70
32,Ana,Raggitt,araggittv@ed.gov,Female,133.241.42.127
33,Nonnah,Newman,nnewmanw@marriott.com,Female,185.43.35.63
34,Waldo,Woodthorpe,wwoodthorpex@tinypic.com,Male,100.96.22.93
35,Ham,Currey,hcurreyy@xinhuanet.com,Male,127.157.9.162
36,Lottie,Seiffert,lseiffertz@loc.gov,Female,184.124.29.232
37,Gardie,Bergin,gbergin10@a8.net,Genderfluid,175.242.238.218
38,Barbabra,Ronaghan,bronaghan11@cam.ac.uk,Female,51.6.20.126
39,Cale,Scogin,cscogin12@ezinearticles.com,Male,97.97.213.76
40,Rosemary,Matschke,rmatschke13@icio.us,Polygender,235.115.70.163
41,Northrup,Leteurtre,nleteurtre14@networkadvertising.org,Male,88.87.216.196
42,Nert,Dumingo,ndumingo15@cbc.ca,Genderfluid,173.153.151.89
43,Amalia,Monteith,amonteith16@privacy.gov.au,Female,82.211.19.180
44,Giraldo,Castagne,gcastagne17@last.fm,Male,154.138.88.29
45,Benyamin,Ellerbeck,bellerbeck18@yolasite.com,Male,28.252.29.34
46,Lanie,Bayford,lbayford19@trellian.com,Bigender,186.226.35.223
47,Carly,Dmytryk,cdmytryk1a@unc.edu,Male,230.198.70.233
48,Tammy,Dachs,tdachs1b@oaic.gov.au,Female,182.14.133.157
49,Binni,Rauprich,brauprich1c@instagram.com,Non-binary,255.210.219.162
50,Derby,Crotty,dcrotty1d@mapy.cz,Male,221.160.136.236
51,Hillary,Elcoux,helcoux1e@oracle.com,Female,21.171.210.6
52,Vannie,Lawrinson,vlawrinson1f@multiply.com,Female,176.173.116.233
53,Jyoti,Perllman,jperllman1g@yellowpages.com,Female,24.61.134.252
54,Karlotta,Rodder,krodder1h@over-blog.com,Female,214.51.144.7
55,Gratiana,Beecraft,gbeecraft1i@boston.com,Female,91.2.234.47
56,Chaunce,Dungate,cdungate1j@narod.ru,Male,112.52.142.161
57,Chance,Tolland,ctolland1k@geocities.com,Male,157.52.114.107
58,Susanne,Barneveld,sbarneveld1l@japanpost.jp,Female,159.158.219.223
59,Rick,Cleveland,rcleveland1m@google.es,Male,155.205.205.179
60,Chaim,Bahls,cbahls1n@nydailynews.com,Male,158.192.222.76
61,Maud,Tynnan,mtynnan1o@ovh.net,Female,230.73.45.231
62,Robbyn,Ronchetti,rronchetti1p@hubpages.com,Female,64.188.255.80
63,Jolene,Cressey,jcressey1q@newyorker.com,Agender,32.22.80.182
64,Corene,Dillinton,cdillinton1r@odnoklassniki.ru,Female,171.94.208.217
65,Salvidor,Danter,sdanter1s@biglobe.ne.jp,Male,109.156.221.144
66,Murray,Milliken,mmilliken1t@indiegogo.com,Male,141.182.80.58
67,Clea,Rapinett,crapinett1u@noaa.gov,Genderfluid,227.139.41.88
68,Nickola,Treuge,ntreuge1v@creativecommons.org,Male,85.86.236.96
69,Darcey,Corbie,dcorbie1w@salon.com,Female,43.18.96.90
70,Ingunna,Stanluck,istanluck1x@sciencedaily.com,Female,181.25.96.218
71,Gwenneth,Bownas,gbownas1y@skype.com,Female,26.16.29.27
72,Joceline,Mandre,jmandre1z@weibo.com,Female,163.69.223.35
73,Amalee,Syres,asyres20@t.co,Agender,176.212.103.5
74,Harv,Houtbie,hhoutbie21@gmpg.org,Male,169.219.44.5
75,Shurlocke,Sedworth,ssedworth22@webmd.com,Male,82.176.13.30
76,Tybalt,Paggitt,tpaggitt23@soup.io,Male,253.68.178.46
77,Eolande,Goodram,egoodram24@sphinn.com,Female,143.144.164.141
78,Thain,Timpany,ttimpany25@google.co.jp,Agender,176.54.198.193
79,Norbie,Baldwin,nbaldwin26@cmu.edu,Male,216.161.214.163
80,Maxi,Cressar,mcressar27@about.com,Female,67.42.168.214
81,Madelyn,Duiged,mduiged28@google.com.au,Female,218.206.79.89
82,Jareb,Fennell,jfennell29@hubpages.com,Male,254.51.68.95
83,Arnuad,Lebreton,alebreton2a@pen.io,Male,135.8.105.39
84,Rayner,Pilling,rpilling2b@time.com,Male,78.32.35.48
85,Sorcha,Kabsch,skabsch2c@angelfire.com,Female,140.76.206.170
86,Jesse,Biddlestone,jbiddlestone2d@jimdo.com,Male,49.168.36.24
87,Aloise,Geck,ageck2e@behance.net,Genderqueer,31.233.77.223
88,Hyacinthia,Wigan,hwigan2f@dot.gov,Female,180.210.46.141
89,Arlene,Hanscom,ahanscom2g@intel.com,Female,155.87.219.122
90,Sly,Earry,searry2h@prnewswire.com,Male,194.219.145.151
91,Nevile,Giacomuzzo,ngiacomuzzo2i@washington.edu,Male,213.47.95.81
92,Mohammed,Lowndes,mlowndes2j@nydailynews.com,Male,148.61.214.55
93,Tobias,Cready,tcready2k@apache.org,Male,207.90.149.164
94,Findlay,Larchiere,flarchiere2l@shutterfly.com,Male,117.210.251.96
95,Dwain,Leckenby,dleckenby2m@jugem.jp,Male,72.229.232.127
96,Davie,Caress,dcaress2n@berkeley.edu,Male,230.218.233.84
97,Peter,Colt,pcolt2o@jalbum.net,Male,37.99.42.131
98,Batsheva,Vidgeon,bvidgeon2p@hubpages.com,Female,78.235.73.229
99,Anneliese,Dollimore,adollimore2q@wp.com,Female,0.164.187.160
100,Jaquenette,Colvin,jcolvin2r@berkeley.edu,Female,80.36.166.129
101,Jo,MacMaster,jmacmaster2s@sciencedirect.com,Female,170.195.93.108
102,Mollee,Diggell,mdiggell2t@bigcartel.com,Female,60.150.44.137
103,Glenn,Masterton,gmasterton2u@sohu.com,Male,45.189.142.29
104,Rodina,Eastwood,reastwood2v@friendfeed.com,Female,136.0.31.190
105,Aileen,Dolligon,adolligon2w@slashdot.org,Female,125.59.45.213
106,Brooke,Sholl,bsholl2x@sohu.com,Female,128.233.187.99
107,Ivonne,Cansdall,icansdall2y@scientificamerican.com,Female,200.140.0.228
108,Roland,Berndsen,rberndsen2z@hc360.com,Male,208.144.39.217
109,Flemming,Heiner,fheiner30@fema.gov,Male,39.69.92.174
110,Dani,Pearman,dpearman31@economist.com,Female,40.205.94.236
111,Abram,Mc Carrick,amccarrick32@cafepress.com,Male,37.175.101.140
112,Eve,Carletto,ecarletto33@squarespace.com,Female,126.33.133.111
113,Philipa,Asals,pasals34@mlb.com,Female,84.134.97.255
114,Donny,Todd,dtodd35@usnews.com,Female,246.60.159.6
115,Essy,Grouse,egrouse36@macromedia.com,Female,40.204.169.219
116,Franklin,Ahlin,fahlin37@un.org,Male,137.20.58.138
117,Nat,Roulston,nroulston38@fotki.com,Female,134.19.83.138
118,Kimble,Hadenton,khadenton39@aboutads.info,Male,240.123.195.37
119,Rowen,Amner,ramner3a@1und1.de,Non-binary,234.169.19.26
120,Angelle,Cheesman,acheesman3b@ifeng.com,Female,81.99.220.99
121,Nicki,Franzonetti,nfranzonetti3c@is.gd,Non-binary,164.69.41.24
122,Tim,Morstatt,tmorstatt3d@parallels.com,Bigender,148.8.183.125
123,Stan,Rulton,srulton3e@soundcloud.com,Male,223.174.64.244
124,Theda,Waitland,twaitland3f@dropbox.com,Female,98.101.136.143
125,Celeste,Skillitt,cskillitt3g@slate.com,Female,180.245.113.40
126,Kalli,Simcock,ksimcock3h@si.edu,Female,99.47.78.71
127,Calli,Tisor,ctisor3i@globo.com,Female,219.67.71.185
128,Ellynn,Whightman,ewhightman3j@china.com.cn,Female,38.165.48.48
129,Dyan,Flook,dflook3k@amazon.co.jp,Female,35.121.176.28
130,Nelly,Wolvey,nwolvey3l@cnbc.com,Genderqueer,71.190.212.168
131,Harriett,Purseglove,hpurseglove3m@discuz.net,Female,184.138.121.127
132,Kiley,Plain,kplain3n@oaic.gov.au,Male,117.19.3.89
133,Biron,Comelli,bcomelli3o@rambler.ru,Male,114.102.30.105
134,Susana,Kornyshev,skornyshev3p@desdev.cn,Female,4.157.107.230
135,Wynn,Buttner,wbuttner3q@noaa.gov,Male,138.102.126.177
136,Patrica,Bibby,pbibby3r@parallels.com,Female,148.143.181.81
137,Terri,Janicijevic,tjanicijevic3s@sfgate.com,Male,44.183.204.214
138,Sherwin,Carpmile,scarpmile3t@infoseek.co.jp,Male,27.142.15.248
139,Lara,Petyanin,lpetyanin3u@unicef.org,Female,39.62.196.11
140,Peri,Wragg,pwragg3v@globo.com,Female,93.2.76.101
141,Emily,Roxby,eroxby3w@ucsd.edu,Female,71.147.99.202
142,Athene,Beart,abeart3x@netscape.com,Genderfluid,191.5.204.152
143,Phillipp,Matthisson,pmatthisson3y@linkedin.com,Male,218.152.81.61
144,Winifred,Derby,wderby3z@so-net.ne.jp,Female,28.42.89.37
145,Faun,Cassie,fcassie40@hp.com,Genderqueer,120.212.63.153
146,Nedda,Callcott,ncallcott41@usgs.gov,Genderqueer,125.185.111.35
147,Billie,Perigo,bperigo42@privacy.gov.au,Genderfluid,121.105.175.76
148,Laurie,Simonin,lsimonin43@is.gd,Agender,233.225.206.208
149,Shelton,Myles,smyles44@fc2.com,Male,48.203.205.125
150,Cherise,Cunliffe,ccunliffe45@phoca.cz,Female,71.243.219.14
151,Tracie,Cadalleder,tcadalleder46@feedburner.com,Male,181.154.243.162
152,Loraine,Thunnerclef,lthunnerclef47@mozilla.org,Female,144.235.190.249
153,Karlene,Speeding,kspeeding48@nih.gov,Female,166.141.210.132
154,Karoline,Tembridge,ktembridge49@ftc.gov,Female,120.92.215.158
155,Claus,Boak,cboak4a@naver.com,Male,185.64.222.54
156,Merrile,Earles,mearles4b@lulu.com,Female,54.167.177.151
157,Ebony,Truluck,etruluck4c@time.com,Female,171.24.87.177
158,Matthias,Peacock,mpeacock4d@t.co,Male,198.35.159.230
159,Zackariah,Hearsey,zhearsey4e@oracle.com,Male,222.33.33.144
160,Jermain,Vost,jvost4f@craigslist.org,Male,21.3.92.99
161,Scarlett,Simecek,ssimecek4g@pinterest.com,Female,244.2.107.63
162,Mortie,Appleby,mappleby4h@forbes.com,Male,23.59.17.51
163,Bayard,Hucknall,bhucknall4i@nature.com,Male,115.132.147.66
164,Eachelle,Menichillo,emenichillo4j@weather.com,Female,18.240.223.210
165,Rebekah,Narrie,rnarrie4k@spiegel.de,Genderqueer,117.148.231.4
166,Nicholle,Ciobutaru,nciobutaru4l@epa.gov,Female,207.2.244.66
167,Simmonds,Joskowicz,sjoskowicz4m@google.fr,Polygender,165.53.156.125
168,Paul,Honniebal,phonniebal4n@123-reg.co.uk,Male,248.13.25.243
169,Andrew,Dowrey,adowrey4o@hp.com,Male,75.187.135.159
170,Francesca,Dearle,fdearle4p@tinyurl.com,Female,82.113.247.211
171,Sherie,Richemond,srichemond4q@miibeian.gov.cn,Female,232.38.144.114
172,Hollyanne,Spilling,hspilling4r@list-manage.com,Female,84.156.227.214
173,Allie,Hearnshaw,ahearnshaw4s@nymag.com,Male,211.78.55.140
174,Mathilda,Castanone,mcastanone4t@dell.com,Female,182.129.191.149
175,Renie,Tabourin,rtabourin4u@networkadvertising.org,Bigender,162.176.124.103
176,Stacee,Beedie,sbeedie4v@mapquest.com,Female,152.219.146.0
177,Dilan,Perllman,dperllman4w@walmart.com,Male,99.6.38.4
178,Catherin,Frances,cfrances4x@narod.ru,Female,244.93.22.38
179,Susana,Sprigg,ssprigg4y@stumbleupon.com,Female,61.141.185.235
180,Harlen,Probbings,hprobbings4z@webs.com,Male,252.192.250.14
181,Burk,Dandie,bdandie50@shareasale.com,Male,228.66.107.113
182,Alastair,Wootton,awootton51@slashdot.org,Male,186.54.113.218
183,Jillana,Shrubsall,jshrubsall52@bluehost.com,Female,66.120.157.240
184,Edy,Jermyn,ejermyn53@1und1.de,Female,238.232.66.32
185,Kamilah,Birks,kbirks54@umn.edu,Female,245.20.254.51
186,Rog,Risborough,rrisborough55@cbc.ca,Male,94.55.152.196
187,Merle,Caccavari,mcaccavari56@wikia.com,Female,148.230.185.62
188,Troy,Civitillo,tcivitillo57@princeton.edu,Male,38.168.226.116
189,Quinton,Bearham,qbearham58@usatoday.com,Male,77.96.181.16
190,King,Marriage,kmarriage59@pcworld.com,Male,75.211.34.153
191,Valle,Backhurst,vbackhurst5a@google.cn,Polygender,173.85.145.106
192,Jimmie,Gonin,jgonin5b@google.ru,Male,195.130.174.216
193,Beverlie,Macrow,bmacrow5c@constantcontact.com,Female,214.171.75.215
194,Conan,Teague,cteague5d@thetimes.co.uk,Male,210.26.76.131
195,Errol,Comizzoli,ecomizzoli5e@earthlink.net,Genderfluid,41.206.195.94
196,Mahalia,Chadney,mchadney5f@epa.gov,Female,86.80.142.176
197,Keith,Lewing,klewing5g@twitter.com,Male,123.226.223.115
198,Dannie,Paxforde,dpaxforde5h@vimeo.com,Male,182.253.239.163
199,Rowland,Ettridge,rettridge5i@jimdo.com,Male,174.36.99.148
200,Tadd,Esser,tesser5j@forbes.com,Male,101.68.243.104
201,Daryn,Celli,dcelli5k@mail.ru,Female,123.161.97.144
202,Rockey,Okey,rokey5l@nytimes.com,Male,66.222.82.195
203,Fernandina,Lauder,flauder5m@feedburner.com,Polygender,88.208.236.221
204,Georgianne,Bramer,gbramer5n@issuu.com,Female,192.196.179.83
205,Kial,Beevor,kbeevor5o@wikia.com,Female,134.144.252.100
206,Glennis,Terris,gterris5p@nsw.gov.au,Female,9.163.164.119
207,Aili,Froom,afroom5q@usgs.gov,Female,116.206.102.183
208,Anetta,Shinton,ashinton5r@soundcloud.com,Female,211.77.217.147
209,Junia,Binden,jbinden5s@census.gov,Female,38.181.246.21
210,Jeff,Sacaze,jsacaze5t@ameblo.jp,Male,231.191.194.143
211,Mac,Gott,mgott5u@printfriendly.com,Male,104.20.59.151
212,Mallory,Connerly,mconnerly5v@ft.com,Male,192.85.171.153
213,Hermia,Browncey,hbrowncey5w@quantcast.com,Female,228.173.34.70
214,Win,Sanchiz,wsanchiz5x@gmpg.org,Agender,113.124.67.157
215,Johnny,Tennant,jtennant5y@yandex.ru,Male,84.172.116.90
216,Sol,Jacobowits,sjacobowits5z@google.nl,Male,95.159.26.112
217,Egbert,Christophe,echristophe60@columbia.edu,Male,45.92.66.198
218,Dunstan,Auld,dauld61@geocities.com,Male,172.162.229.215
219,Rutledge,MacGiolla Pheadair,rmacgiollapheadair62@sakura.ne.jp,Male,253.168.33.11
220,Hester,Catonnet,hcatonnet63@dyndns.org,Female,87.155.245.109
221,Katlin,Fairman,kfairman64@webeden.co.uk,Female,154.13.93.105
222,Yvon,Oylett,yoylett65@toplist.cz,Non-binary,8.211.42.219
223,Porty,McPhate,pmcphate66@friendfeed.com,Male,155.99.40.103
224,Axe,Berrycloth,aberrycloth67@china.com.cn,Male,224.184.100.15
225,Michale,Edis,medis68@sohu.com,Male,45.102.165.89
226,Boonie,Gotling,bgotling69@spotify.com,Male,10.227.72.6
227,Leigh,Posthill,lposthill6a@msu.edu,Female,181.110.51.103
228,Adams,Gammage,agammage6b@cnet.com,Male,75.43.211.68
229,Leona,Knibb,lknibb6c@webeden.co.uk,Non-binary,148.75.15.189
230,Bibbye,Adnet,badnet6d@mashable.com,Female,22.16.172.32
231,Dayna,Chooter,dchooter6e@auda.org.au,Female,201.117.234.198
232,Jerrie,Musgrove,jmusgrove6f@imdb.com,Female,84.77.150.205
233,Florina,Fabry,ffabry6g@ca.gov,Female,162.151.212.161
234,Kris,Sighard,ksighard6h@naver.com,Agender,22.3.164.180
235,Mab,Birdall,mbirdall6i@linkedin.com,Female,72.168.86.17
236,Danya,Hanny,dhanny6j@mozilla.com,Female,67.128.115.153
237,Fanya,Marquese,fmarquese6k@youtube.com,Female,147.91.93.250
238,Corrina,Sarfatti,csarfatti6l@mapquest.com,Female,116.146.151.200
239,Krisha,Farrear,kfarrear6m@ebay.com,Male,40.86.167.44
240,Britney,Pharoah,bpharoah6n@slate.com,Female,82.156.226.130
241,Lonny,Yerby,lyerby6o@surveymonkey.com,Male,96.132.26.70
242,Sarene,Marty,smarty6p@seattletimes.com,Female,239.80.28.5
243,Dexter,Spieck,dspieck6q@moonfruit.com,Male,167.183.247.115
244,Ase,Trathen,atrathen6r@odnoklassniki.ru,Male,123.2.224.155
245,Angus,Shelmerdine,ashelmerdine6s@ifeng.com,Male,211.144.74.129
246,Pooh,Jaffrey,pjaffrey6t@netscape.com,Male,254.41.173.236
247,Nelly,Zorro,nzorro6u@wikia.com,Female,45.66.18.223
248,Gabi,Coole,gcoole6v@printfriendly.com,Female,157.178.42.231
249,Marline,Syres,msyres6w@wisc.edu,Female,230.46.135.135
250,Beth,Obispo,bobispo6x@printfriendly.com,Female,243.81.210.106
251,Vaclav,Ianiello,vianiello6y@baidu.com,Male,189.174.45.51
252,Gipsy,Habert,ghabert6z@nyu.edu,Female,75.218.144.176
253,Raynor,Bettleson,rbettleson70@gravatar.com,Genderqueer,174.229.187.53
254,Naomi,Mattiato,nmattiato71@fotki.com,Female,183.224.58.94
255,Hillyer,Bromby,hbromby72@purevolume.com,Agender,42.42.40.26
256,Forrester,Spink,fspink73@wordpress.com,Male,244.43.142.134
257,Adolpho,Acedo,aacedo74@mail.ru,Male,131.55.97.188
258,Harriett,Constance,hconstance75@blogspot.com,Female,42.13.25.156
259,Nicol,Arnoult,narnoult76@xinhuanet.com,Female,171.78.14.74
260,Susan,Tothacot,stothacot77@infoseek.co.jp,Female,97.139.222.103
261,Shelden,Sotworth,ssotworth78@guardian.co.uk,Male,212.45.246.112
262,Dana,Chasmer,dchasmer79@icio.us,Male,91.201.6.24
263,Henka,Harome,hharome7a@mysql.com,Female,95.169.125.235
264,Michail,Capel,mcapel7b@hatena.ne.jp,Male,141.48.201.2
265,Mikkel,Skudder,mskudder7c@gmpg.org,Male,244.1.145.57
266,Ulick,Lippatt,ulippatt7d@dyndns.org,Male,164.1.243.221
267,Hagen,Streater,hstreater7e@booking.com,Male,30.222.192.47
268,Arlina,Pavis,apavis7f@123-reg.co.uk,Non-binary,116.134.116.17
269,Vally,Freda,vfreda7g@buzzfeed.com,Female,186.83.125.53
270,Holmes,Cholomin,hcholomin7h@usatoday.com,Male,198.23.16.131
271,Dniren,Sewill,dsewill7i@umich.edu,Female,100.156.204.76
272,Arman,Andreas,aandreas7j@toplist.cz,Male,120.246.102.119
273,Melisande,Hembling,mhembling7k@walmart.com,Female,157.124.122.54
274,Nicola,Chomicz,nchomicz7l@joomla.org,Male,4.215.197.100
275,Sidney,Shiers,sshiers7m@mayoclinic.com,Male,217.119.148.196
276,Cori,Olligan,colligan7n@answers.com,Male,160.73.122.59
277,Hurleigh,Eatherton,heatherton7o@nymag.com,Male,199.162.250.147
278,Lurleen,Mawman,lmawman7p@about.me,Female,252.58.0.77
279,Teena,Symondson,tsymondson7q@squarespace.com,Non-binary,219.100.87.121
280,Dalt,O'Grada,dograda7r@fotki.com,Male,186.41.167.101
281,Clementius,Giraldez,cgiraldez7s@buzzfeed.com,Male,169.232.244.86
282,Padriac,Mumm,pmumm7t@hostgator.com,Male,41.92.57.22
283,Konstance,Barkley,kbarkley7u@usa.gov,Female,60.91.229.25
284,Jillian,Hubbucks,jhubbucks7v@miibeian.gov.cn,Bigender,147.74.203.169
285,Arlena,Dukes,adukes7w@indiatimes.com,Bigender,251.97.231.59
286,Micaela,Kroin,mkroin7x@columbia.edu,Female,209.146.63.106
287,Ker,Vanlint,kvanlint7y@weebly.com,Male,149.167.222.195
288,Skipton,Petrakov,spetrakov7z@jalbum.net,Male,253.23.174.107
289,Percy,O'Grogane,pogrogane80@fda.gov,Male,28.255.133.25
290,Caddric,Spurge,cspurge81@shop-pro.jp,Male,47.229.233.195
291,Augustina,Leaves,aleaves82@npr.org,Female,169.75.178.193
292,Dannie,Groneway,dgroneway83@narod.ru,Male,104.118.80.237
293,Cesar,Tapson,ctapson84@unesco.org,Male,158.167.170.16
294,Scottie,Pittam,spittam85@indiegogo.com,Male,93.111.23.105
295,Skye,Staig,sstaig86@wufoo.com,Male,7.181.227.112
296,Opaline,Plester,oplester87@unblog.fr,Female,241.234.52.248
297,Aluin,Cokayne,acokayne88@wunderground.com,Male,171.132.189.179
298,Yuma,Berlin,yberlin89@so-net.ne.jp,Male,190.31.106.34
299,Cull,Rawlin,crawlin8a@yahoo.com,Male,0.134.20.6
300,Addy,Vasin,avasin8b@eventbrite.com,Female,202.232.92.164
301,Stuart,Godfroy,sgodfroy8c@cdc.gov,Male,196.120.155.147
302,Joyce,Fedoronko,jfedoronko8d@angelfire.com,Female,1.76.91.75
303,Ivett,Hovie,ihovie8e@sciencedirect.com,Female,71.122.205.79
304,Hermy,Van Niekerk,hvanniekerk8f@uiuc.edu,Male,25.77.129.73
305,Joye,Balsom,jbalsom8g@sohu.com,Female,158.118.63.69
306,Lucian,De La Salle,ldelasalle8h@prlog.org,Male,230.54.52.2
307,Rip,Mapham,rmapham8i@cocolog-nifty.com,Male,55.19.106.40
308,Rahal,Moretto,rmoretto8j@answers.com,Female,7.235.31.25
309,Kaiser,Goodier,kgoodier8k@amazon.co.uk,Genderfluid,200.69.174.45
310,Robbin,Greeson,rgreeson8l@tinyurl.com,Female,50.189.38.67
311,Renata,Walworth,rwalworth8m@ed.gov,Female,161.189.188.166
312,Baryram,Caveill,bcaveill8n@pen.io,Male,199.63.39.177
313,Jasen,Fessier,jfessier8o@time.com,Male,169.222.96.97
314,Melodie,Tutill,mtutill8p@toplist.cz,Female,240.117.11.169
315,Nathaniel,Bodycomb,nbodycomb8q@latimes.com,Male,160.117.125.99
316,Sharai,Gurko,sgurko8r@google.co.uk,Female,17.46.66.88
317,Torry,Minillo,tminillo8s@joomla.org,Male,131.163.214.66
318,Oliver,Dumberell,odumberell8t@webeden.co.uk,Male,93.21.244.68
319,Laurena,Purdy,lpurdy8u@tuttocitta.it,Female,65.248.207.68
320,Madelaine,Grinishin,mgrinishin8v@phpbb.com,Female,12.41.185.119
321,Roxanne,Inett,rinett8w@ucla.edu,Female,40.185.99.146
322,Orv,Rembrandt,orembrandt8x@scientificamerican.com,Male,9.30.2.40
323,Dante,Odger,dodger8y@weather.com,Male,80.91.181.251
324,Emlyn,Gallanders,egallanders8z@goo.ne.jp,Male,173.108.173.71
325,Sawyer,Stoving,sstoving90@cnbc.com,Male,4.2.113.24
326,Lusa,Schrieves,lschrieves91@wufoo.com,Female,139.43.90.224
327,Bron,Sybbe,bsybbe92@creativecommons.org,Male,123.28.70.240
328,Debera,Guislin,dguislin93@csmonitor.com,Genderfluid,232.234.82.128
329,Petronilla,Ibberson,pibberson94@drupal.org,Female,109.164.108.113
330,Felike,Cofax,fcofax95@ucla.edu,Male,117.140.83.8
331,Buffy,Garratty,bgarratty96@nymag.com,Female,157.217.74.84
332,Lincoln,Ewbanke,lewbanke97@princeton.edu,Male,192.102.125.228
333,Ree,Cridland,rcridland98@bravesites.com,Genderqueer,178.12.247.129
334,Barnett,Bunker,bbunker99@friendfeed.com,Male,191.90.14.128
335,Almeria,Micah,amicah9a@stanford.edu,Bigender,86.103.0.57
336,Jakie,Mayler,jmayler9b@cyberchimps.com,Male,51.34.183.76
337,Gino,Wyles,gwyles9c@opera.com,Male,104.195.118.108
338,Amity,Laybourn,alaybourn9d@spiegel.de,Female,122.250.145.93
339,Millicent,Hark,mhark9e@hp.com,Female,199.136.150.2
340,Phyllida,Ilymanov,pilymanov9f@epa.gov,Female,50.99.110.208
341,Dollie,Hundy,dhundy9g@springer.com,Female,88.229.158.89
342,Celestyna,Lochhead,clochhead9h@networkadvertising.org,Female,25.243.20.108
343,Glennie,Lalor,glalor9i@alibaba.com,Female,102.231.212.247
344,Lissy,Warnes,lwarnes9j@sfgate.com,Female,133.238.102.207
345,Neille,Hyslop,nhyslop9k@uiuc.edu,Female,246.200.203.130
346,Symon,Petrik,spetrik9l@opensource.org,Male,177.13.246.106
347,Timmi,Lowy,tlowy9m@blogspot.com,Female,160.181.167.1
348,Flossy,Emilien,femilien9n@paypal.com,Female,123.57.169.33
349,Moria,Vamplus,mvamplus9o@theglobeandmail.com,Female,224.52.193.34
350,Jacinthe,Klasing,jklasing9p@dedecms.com,Female,130.106.251.155
351,Greg,Cammidge,gcammidge9q@1688.com,Male,9.42.9.156
352,Marys,Gudyer,mgudyer9r@typepad.com,Female,238.81.90.131
353,Goldarina,Paintain,gpaintain9s@washington.edu,Female,55.180.172.121
354,Francklin,Dabernott,fdabernott9t@dyndns.org,Male,7.242.230.215
355,Othella,Treadgear,otreadgear9u@nyu.edu,Female,130.133.242.151
356,Blisse,Gwilt,bgwilt9v@youku.com,Female,19.59.103.75
357,Nadiya,Bartalucci,nbartalucci9w@instagram.com,Female,114.125.19.195
358,Chancey,Chappel,cchappel9x@diigo.com,Male,147.51.164.219
359,Margaret,Besse,mbesse9y@newyorker.com,Female,69.122.177.115
360,Wilbert,Points,wpoints9z@ifeng.com,Male,12.220.66.44
361,Lucienne,Lamshead,llamsheada0@google.de,Female,118.229.214.53
362,Odelia,Habbema,ohabbemaa1@nydailynews.com,Female,216.206.204.0
363,Mureil,MacKnocker,mmacknockera2@patch.com,Female,56.109.231.154
364,Elie,Bernath,ebernatha3@ustream.tv,Female,181.96.157.241
365,Renelle,Vina,rvinaa4@globo.com,Female,155.31.93.169
366,Eduardo,Arden,eardena5@ibm.com,Male,205.200.189.142
367,Elsey,Gudahy,egudahya6@census.gov,Female,5.70.162.202
368,Gery,Sloy,gsloya7@yolasite.com,Male,239.120.222.172
369,Batholomew,Licciardiello,blicciardielloa8@deliciousdays.com,Male,46.156.211.54
370,Meredith,Jell,mjella9@netvibes.com,Male,201.97.253.57
371,Donny,Daniellot,ddaniellotaa@nytimes.com,Female,183.25.206.236
372,Brynna,Turrell,bturrellab@nyu.edu,Female,179.125.212.44
373,Janice,Clemow,jclemowac@ftc.gov,Female,240.88.5.29
374,Fletch,Andreia,fandreiaad@feedburner.com,Male,224.247.87.93
375,Doroteya,Hamson,dhamsonae@hostgator.com,Female,144.81.239.212
376,Corrina,Tuvey,ctuveyaf@yale.edu,Female,146.230.83.21
377,Brnaba,Guterson,bgutersonag@oakley.com,Male,238.96.236.41
378,Pamella,McKeran,pmckeranah@unicef.org,Female,173.10.253.40
379,Reeta,Marzellano,rmarzellanoai@github.com,Female,132.138.20.182
380,Cris,Basso,cbassoaj@who.int,Female,0.137.118.210
381,Cortney,Bissell,cbissellak@123-reg.co.uk,Female,35.141.148.3
382,Tammie,Redolfi,tredolfial@ameblo.jp,Male,65.183.246.191
383,Siobhan,Fyldes,sfyldesam@bluehost.com,Female,162.2.171.255
384,Candide,Gilardoni,cgilardonian@auda.org.au,Female,203.107.202.126
385,Athena,Crumpton,acrumptonao@alibaba.com,Female,1.30.195.36
386,Rossy,Widdowson,rwiddowsonap@lycos.com,Male,251.133.167.139
387,Aristotle,Marriott,amarriottaq@sciencedirect.com,Male,23.48.7.14
388,Osborne,Peet,opeetar@virginia.edu,Male,149.112.100.22
389,Kristal,Broker,kbrokeras@dion.ne.jp,Female,88.255.139.119
390,Ab,Tudor,atudorat@dagondesign.com,Male,43.203.98.66
391,Franny,Codner,fcodnerau@archive.org,Male,19.203.26.116
392,Coleen,Evans,cevansav@epa.gov,Female,94.22.253.172
393,Rufus,Puller,rpulleraw@posterous.com,Male,136.57.129.196
394,Netty,Bolwell,nbolwellax@huffingtonpost.com,Female,23.48.32.53
395,Querida,McGeraghty,qmcgeraghtyay@nasa.gov,Female,236.27.3.240
396,Rocky,Marham,rmarhamaz@taobao.com,Male,248.137.194.69
397,Sonia,Jakoviljevic,sjakoviljevicb0@scientificamerican.com,Female,152.235.189.134
398,Melicent,Spaldin,mspaldinb1@dmoz.org,Bigender,193.66.30.80
399,Corbin,Rumsby,crumsbyb2@yellowbook.com,Genderfluid,176.238.247.119
400,Billye,Gabbatiss,bgabbatissb3@examiner.com,Female,227.67.120.133
401,Erna,Merriton,emerritonb4@amazon.de,Female,13.136.112.242
402,Dusty,Jimes,djimesb5@zdnet.com,Female,165.44.83.20
403,Minna,Goulden,mgouldenb6@globo.com,Female,50.86.109.82
404,Sammy,Danelet,sdaneletb7@epa.gov,Male,100.116.84.206
405,Rosalinda,Ghiron,rghironb8@sciencedirect.com,Female,195.241.179.175
406,Golda,Chell,gchellb9@latimes.com,Female,114.73.107.69
407,Kayla,Wyldbore,kwyldboreba@about.com,Female,155.249.126.254
408,Martino,Trolley,mtrolleybb@hatena.ne.jp,Male,232.24.109.11
409,Joye,Crippen,jcrippenbc@paypal.com,Female,102.204.213.73
410,Jermaine,Atton,jattonbd@arizona.edu,Male,146.46.202.162
411,Effie,Milliere,emillierebe@whitehouse.gov,Female,175.127.130.131
412,Port,Frohock,pfrohockbf@jalbum.net,Male,25.198.26.22
413,Livy,Becke,lbeckebg@surveymonkey.com,Female,139.113.187.130
414,Berke,Tierney,btierneybh@cam.ac.uk,Male,207.0.107.204
415,Matias,Scard,mscardbi@pinterest.com,Male,56.152.5.225
416,Jermayne,Newbold,jnewboldbj@themeforest.net,Male,5.181.251.170
417,Garek,Gerriet,ggerrietbk@slate.com,Male,227.194.104.138
418,Cristabel,Dugue,cduguebl@cocolog-nifty.com,Female,157.160.16.17
419,Alene,Roser,aroserbm@indiatimes.com,Female,165.71.104.39
420,Conan,Atrill,catrillbn@answers.com,Male,253.162.169.7
421,Olivia,Shobrook,oshobrookbo@drupal.org,Female,22.135.123.254
422,Gerrie,Winyard,gwinyardbp@chronoengine.com,Male,5.5.86.177
423,Galven,Waghorne,gwaghornebq@seattletimes.com,Male,210.51.214.56
424,Sherwin,Alejandri,salejandribr@github.com,Male,185.170.127.3
425,Walden,Kendle,wkendlebs@blogspot.com,Male,75.175.75.11
426,Dave,Alexander,dalexanderbt@google.ca,Male,154.185.230.137
427,Tabbie,Derrington,tderringtonbu@spiegel.de,Female,230.131.249.116
428,Kellsie,Ramm,krammbv@gmpg.org,Female,44.187.16.182
429,Natasha,O'Geaney,nogeaneybw@microsoft.com,Female,220.150.139.149
430,Emmit,Lande,elandebx@ft.com,Male,6.124.152.254
431,Gayle,Holdin,gholdinby@europa.eu,Female,88.9.126.125
432,Minor,Etuck,metuckbz@stumbleupon.com,Male,43.184.110.54
433,Shem,Lowndsbrough,slowndsbroughc0@bizjournals.com,Male,65.0.87.162
434,Yovonnda,Lovelace,ylovelacec1@umn.edu,Female,4.65.190.152
435,Sofia,Peller,spellerc2@toplist.cz,Female,250.108.44.92
436,Damiano,Bremeyer,dbremeyerc3@livejournal.com,Male,0.0.60.92
437,Salvidor,Screase,sscreasec4@yellowpages.com,Male,228.21.0.35
438,Kasper,Pitson,kpitsonc5@eventbrite.com,Male,224.136.172.208
439,Brannon,Mulheron,bmulheronc6@ow.ly,Male,13.48.47.167
440,Sheela,Cuming,scumingc7@washingtonpost.com,Female,176.249.111.78
441,Jeffie,Mosten,jmostenc8@devhub.com,Male,199.218.254.127
442,Dina,Sweating,dsweatingc9@cdc.gov,Female,242.37.86.129
443,Doralynne,Balden,dbaldenca@census.gov,Female,91.226.176.239
444,Kimmi,Tooke,ktookecb@vimeo.com,Female,242.79.229.247
445,Alisun,Baum,abaumcc@clickbank.net,Female,154.101.168.200
446,Grace,Orpin,gorpincd@com.com,Male,169.129.55.101
447,Iona,Heeney,iheeneyce@people.com.cn,Female,133.67.250.241
448,Rebe,Zahor,rzahorcf@twitter.com,Female,33.125.190.67
449,Florella,Tape,ftapecg@independent.co.uk,Female,124.116.220.252
450,Sophie,Myhan,smyhanch@unblog.fr,Female,168.123.142.160
451,Rivi,Berrisford,rberrisfordci@instagram.com,Female,18.142.81.222
452,Hanson,De Ath,hdeathcj@instagram.com,Male,132.49.170.2
453,Edvard,Rossetti,erossettick@npr.org,Male,150.43.218.162
454,Bernardina,Salmoni,bsalmonicl@ifeng.com,Female,197.4.1.219
455,Adrian,Sedger,asedgercm@miitbeian.gov.cn,Male,6.179.145.131
456,Seth,Jowett,sjowettcn@1und1.de,Male,155.65.115.190
457,Libbey,Benoi,lbenoico@icq.com,Genderfluid,68.41.248.64
458,Ediva,Gooda,egoodacp@nationalgeographic.com,Polygender,176.197.228.185
459,Glenda,Accombe,gaccombecq@archive.org,Female,122.90.234.190
460,Christiano,Gribbon,cgribboncr@altervista.org,Male,245.119.26.81
461,Raoul,Hamel,rhamelcs@thetimes.co.uk,Male,119.165.208.70
462,Jamison,Jacobovitz,jjacobovitzct@princeton.edu,Male,135.23.79.91
463,Flint,Roderham,froderhamcu@hexun.com,Male,57.219.101.129
464,Daffy,Coultass,dcoultasscv@netlog.com,Female,134.173.157.54
465,Tatiania,Klesl,tkleslcw@ycombinator.com,Female,225.34.215.42
466,Jordanna,Renhard,jrenhardcx@eepurl.com,Female,151.47.165.149
467,Grace,Dorber,gdorbercy@jugem.jp,Female,221.36.160.8
468,Christine,Delahunty,cdelahuntycz@woothemes.com,Female,182.127.143.101
469,Cindee,Long,clongd0@instagram.com,Female,18.146.224.0
470,Prentiss,Marrion,pmarriond1@lycos.com,Male,61.117.49.132
471,Vina,Barford,vbarfordd2@nih.gov,Female,109.104.143.222
472,Ranique,Gecks,rgecksd3@cmu.edu,Female,140.209.249.19
473,Benoit,Fairburn,bfairburnd4@cafepress.com,Male,12.84.223.33
474,Kaitlyn,Riep,kriepd5@seesaa.net,Female,160.109.199.28
475,Milissent,Scholard,mscholardd6@xinhuanet.com,Female,135.173.73.19
476,Bail,Borthe,bborthed7@etsy.com,Male,6.6.121.88
477,Kordula,Ennew,kennewd8@google.com.au,Female,237.138.132.215
478,Jodie,Gergolet,jgergoletd9@github.com,Male,245.158.20.33
479,Bevan,Hubbold,bhubboldda@people.com.cn,Male,28.66.171.227
480,Ardenia,Junkinson,ajunkinsondb@redcross.org,Female,108.183.179.253
481,Wiatt,Danilchev,wdanilchevdc@theatlantic.com,Male,110.149.242.135
482,Aggie,Vaneev,avaneevdd@joomla.org,Non-binary,130.130.211.87
483,Lorettalorna,Asbery,lasberyde@washington.edu,Female,159.52.227.101
484,Nolly,Crasswell,ncrasswelldf@europa.eu,Male,153.246.168.163
485,Leontine,Martyntsev,lmartyntsevdg@gravatar.com,Female,236.43.186.138
486,Katrine,Shergold,kshergolddh@woothemes.com,Female,234.130.76.17
487,Shaun,Josselsohn,sjosselsohndi@bing.com,Male,244.146.23.32
488,Seamus,Heims,sheimsdj@tinyurl.com,Polygender,50.28.26.206
489,Ginevra,Speddin,gspeddindk@netlog.com,Female,104.148.180.247
490,Cesaro,Driscoll,cdriscolldl@nasa.gov,Male,153.60.28.226
491,Kalina,Scorthorne,kscorthornedm@stumbleupon.com,Agender,118.69.13.236
492,Valentine,Bereford,vbereforddn@reuters.com,Female,65.125.204.93
493,Halette,Longmuir,hlongmuirdo@apache.org,Polygender,158.35.133.214
494,Lucho,Fishpoole,lfishpooledp@pbs.org,Male,176.140.95.85
495,Clint,Rollings,crollingsdq@free.fr,Male,214.51.30.162
496,Jackson,Morritt,jmorrittdr@sciencedirect.com,Agender,54.38.241.124
497,Tyler,Hunnicot,thunnicotds@mozilla.org,Male,206.212.9.135
498,Arther,Bernuzzi,abernuzzidt@admin.ch,Male,104.158.49.77
499,Karina,Bimson,kbimsondu@devhub.com,Female,178.155.156.251
500,Lionello,Kaygill,lkaygilldv@artisteer.com,Male,235.215.210.27
501,Evelyn,Coal,ecoaldw@state.gov,Male,11.131.79.75
502,Lucian,Claughton,lclaughtondx@ifeng.com,Male,77.158.108.12
503,Joelynn,Thirtle,jthirtledy@joomla.org,Female,216.115.25.144
504,Winnah,Aristide,waristidedz@chron.com,Female,125.135.25.217
505,Travus,Rosberg,trosberge0@elpais.com,Male,95.100.112.8
506,Albrecht,Sharpley,asharpleye1@ihg.com,Male,213.103.201.33
507,Britni,Attryde,battrydee2@over-blog.com,Agender,10.163.248.68
508,Queenie,Stollmeier,qstollmeiere3@ehow.com,Female,74.125.17.139
509,Mei,Howood,mhowoode4@yahoo.co.jp,Female,205.17.230.197
510,Salaidh,Tregunna,stregunnae5@biglobe.ne.jp,Female,72.219.109.58
511,Elenore,Housaman,ehousamane6@answers.com,Female,14.223.127.251
512,Jarret,Cushelly,jcushellye7@bizjournals.com,Male,179.148.24.63
513,Gauthier,Life,glifee8@merriam-webster.com,Male,56.201.148.202
514,Jemie,Chessman,jchessmane9@yellowbook.com,Female,155.93.199.5
515,Iolanthe,Surcomb,isurcombea@istockphoto.com,Female,85.95.202.196
516,Car,Abys,cabyseb@scribd.com,Male,238.201.33.180
517,Amerigo,Mingard,amingardec@chronoengine.com,Male,145.164.102.142
518,Meriel,Amner,mamnered@netvibes.com,Female,135.253.71.163
519,Gordan,Durber,gdurberee@addtoany.com,Male,204.204.226.26
520,Eduardo,Billanie,ebillanieef@merriam-webster.com,Genderqueer,147.224.163.61
521,Pollyanna,Condell,pcondelleg@instagram.com,Female,171.193.39.98
522,Berni,Diter,bditereh@comsenz.com,Female,50.135.119.241
523,Gerik,Bachs,gbachsei@ezinearticles.com,Male,203.225.100.238
524,Chloris,Vardy,cvardyej@microsoft.com,Female,236.55.34.200
525,Emmott,Abotson,eabotsonek@ucoz.com,Male,182.239.135.122
526,Berk,Mulder,bmulderel@smugmug.com,Male,147.221.127.148
527,Astrid,Lathee,alatheeem@google.com,Female,4.67.25.164
528,Win,MacCawley,wmaccawleyen@yellowpages.com,Male,17.75.237.107
529,Shurwood,Cudworth,scudwortheo@purevolume.com,Male,250.44.205.224
530,Noe,Handrek,nhandrekep@google.com.au,Male,218.212.197.128
531,Annora,Gilliat,agilliateq@edublogs.org,Female,119.33.79.255
532,Candie,Joynt,cjoynter@hao123.com,Female,129.234.45.210
533,Scotty,Saffrin,ssaffrines@webmd.com,Male,83.162.236.63
534,Katharina,Mepsted,kmepstedet@dailymotion.com,Female,110.152.158.102
535,Consuela,Geffen,cgeffeneu@canalblog.com,Agender,151.224.66.203
536,Lishe,McCritchie,lmccritchieev@princeton.edu,Female,208.123.73.119
537,Starlin,Trumble,strumbleew@businessweek.com,Female,171.168.245.138
538,Law,Langthorne,llangthorneex@zimbio.com,Male,86.87.208.163
539,Kendall,Roberds,kroberdsey@vimeo.com,Male,120.224.128.27
540,Jerrie,Seymour,jseymourez@hatena.ne.jp,Male,201.13.144.41
541,Kyrstin,Eaton,keatonf0@hexun.com,Female,57.12.217.241
542,Bryce,Ivers,biversf1@t-online.de,Male,154.57.222.130
543,Tammie,Maidment,tmaidmentf2@qq.com,Female,230.169.99.62
544,Eugenia,Gerrey,egerreyf3@irs.gov,Female,172.66.121.62
545,Collin,Fowgies,cfowgiesf4@aol.com,Male,14.229.175.218
546,Wainwright,Iron,wironf5@jimdo.com,Non-binary,50.240.136.169
547,Derk,Baskwell,dbaskwellf6@google.nl,Male,31.93.225.195
548,Henderson,Scading,hscadingf7@wufoo.com,Male,72.155.120.173
549,Lina,Le Bosse,llebossef8@meetup.com,Female,78.75.232.194
550,Aurie,Polon,apolonf9@wikipedia.org,Female,120.21.6.107
551,Annamarie,Millership,amillershipfa@paypal.com,Female,47.60.250.244
552,Augustin,Petrolli,apetrollifb@xrea.com,Male,83.172.143.136
553,Nobe,Benedidick,nbenedidickfc@multiply.com,Genderqueer,184.51.9.200
554,Zak,Mugg,zmuggfd@nytimes.com,Bigender,86.78.126.2
555,Tye,Nuttall,tnuttallfe@surveymonkey.com,Male,167.100.179.250
556,Philipa,Muddle,pmuddleff@canalblog.com,Female,158.157.55.129
557,Shoshana,Linzee,slinzeefg@ox.ac.uk,Female,89.25.253.219
558,Lothario,Prentice,lprenticefh@toplist.cz,Male,106.176.212.183
559,Demetre,Toomer,dtoomerfi@youtu.be,Male,49.224.70.114
560,Chane,Kinsman,ckinsmanfj@devhub.com,Male,158.48.5.86
561,Melonie,Colledge,mcolledgefk@thetimes.co.uk,Female,105.41.118.144
562,Onida,Beville,obevillefl@jimdo.com,Female,157.233.248.156
563,Tibold,Dunford,tdunfordfm@joomla.org,Male,164.193.94.33
564,Wilfred,Thames,wthamesfn@soundcloud.com,Male,119.176.2.77
565,Rea,Crichton,rcrichtonfo@indiatimes.com,Female,20.59.202.235
566,Dare,Brisbane,dbrisbanefp@dion.ne.jp,Male,11.135.3.147
567,Damita,Stanes,dstanesfq@spotify.com,Female,233.8.32.176
568,Ulberto,Yggo,uyggofr@psu.edu,Male,214.27.77.64
569,Davina,Ealam,dealamfs@upenn.edu,Female,12.136.188.92
570,Michel,Gook,mgookft@narod.ru,Female,104.131.162.51
571,Arliene,Darter,adarterfu@over-blog.com,Female,13.51.94.134
572,Lindy,Gogay,lgogayfv@harvard.edu,Female,65.160.70.96
573,Charlena,Busswell,cbusswellfw@wisc.edu,Female,105.45.205.31
574,Margie,Echallie,mechalliefx@pen.io,Female,30.171.42.175
575,Rodger,Smallridge,rsmallridgefy@de.vu,Male,109.168.244.136
576,Melanie,Bontoft,mbontoftfz@umich.edu,Female,150.133.151.255
577,Lilas,Dosdell,ldosdellg0@liveinternet.ru,Female,32.222.93.102
578,Gael,Casson,gcassong1@gizmodo.com,Male,158.208.230.167
579,Diane,Heckle,dheckleg2@hc360.com,Female,116.122.42.132
580,Dannie,Spada,dspadag3@flavors.me,Male,163.222.113.98
581,Waneta,Cahillane,wcahillaneg4@ibm.com,Female,95.154.95.189
582,Xenia,Ovesen,xoveseng5@dailymotion.com,Female,221.203.183.183
583,Sally,Broughton,sbroughtong6@sfgate.com,Female,170.10.177.28
584,Greggory,Faulkener,gfaulkenerg7@auda.org.au,Male,0.200.82.23
585,Eran,Bollum,ebollumg8@hc360.com,Female,124.65.162.123
586,Fiann,Pierucci,fpieruccig9@amazon.de,Female,104.83.82.10
587,Whitby,Chillcot,wchillcotga@bbc.co.uk,Male,34.105.40.202
588,Alaster,Hallifax,ahallifaxgb@symantec.com,Male,225.0.255.187
589,Pip,Standley,pstandleygc@walmart.com,Male,152.245.81.71
590,Lisle,Troak,ltroakgd@toplist.cz,Male,27.225.84.83
591,Brooke,Tomkins,btomkinsge@nsw.gov.au,Female,59.225.44.203
592,Daryn,Gresswell,dgresswellgf@bbb.org,Female,199.10.217.116
593,Hill,Jurca,hjurcagg@cam.ac.uk,Male,31.68.105.78
594,Alberto,Burris,aburrisgh@ibm.com,Male,93.200.171.108
595,Haven,Stroobant,hstroobantgi@miibeian.gov.cn,Male,7.215.41.118
596,Ora,Belcham,obelchamgj@apple.com,Female,240.105.56.10
597,Cyndia,Pennetta,cpennettagk@jugem.jp,Non-binary,210.228.152.77
598,Elisa,Lagadu,elagadugl@amazon.de,Female,254.45.209.237
599,Heath,Inderwick,hinderwickgm@google.co.uk,Female,16.79.250.45
600,Jayson,Zanutti,jzanuttign@list-manage.com,Male,195.49.97.158
601,Ellary,Galloway,egallowaygo@deliciousdays.com,Male,114.211.13.43
602,Reg,Powling,rpowlinggp@indiegogo.com,Male,141.211.144.46
603,Cece,Fairnington,cfairningtongq@qq.com,Agender,28.13.68.92
604,Lexi,Forton,lfortongr@comcast.net,Female,2.12.178.151
605,Terza,Rasor,trasorgs@icq.com,Female,138.122.73.98
606,Tedda,Bellringer,tbellringergt@wordpress.org,Non-binary,251.61.29.47
607,Siffre,Rihosek,srihosekgu@seesaa.net,Male,55.105.31.206
608,Diannne,Temby,dtembygv@abc.net.au,Female,113.42.8.222
609,Hamilton,Deverell,hdeverellgw@geocities.com,Male,161.163.28.110
610,Farrand,Pickburn,fpickburngx@geocities.jp,Female,32.52.13.241
611,Charity,Antrobus,cantrobusgy@blinklist.com,Female,60.181.250.86
612,Hester,Behrens,hbehrensgz@phpbb.com,Female,176.131.2.32
613,Jasmina,Kayser,jkayserh0@squarespace.com,Female,45.195.232.214
614,Barnabas,Novik,bnovikh1@paypal.com,Male,53.155.3.94
615,Jonathon,Handasyde,jhandasydeh2@alexa.com,Male,56.255.180.113
616,Eadie,Duley,eduleyh3@sfgate.com,Female,132.251.12.122
617,Ashlee,Tuite,atuiteh4@woothemes.com,Female,10.37.226.114
618,Andree,Belcham,abelchamh5@spiegel.de,Female,196.70.63.149
619,Irwin,Trill,itrillh6@bandcamp.com,Male,91.102.89.177
620,Darlene,Ryal,dryalh7@cyberchimps.com,Female,114.12.103.161
621,Kari,Lawrey,klawreyh8@ucsd.edu,Female,109.12.178.209
622,Wheeler,Fitt,wfitth9@canalblog.com,Male,90.93.222.116
623,Dwight,Dagleas,ddagleasha@reuters.com,Male,160.94.83.146
624,Trudey,Ancliff,tancliffhb@storify.com,Female,40.155.179.137
625,Garek,Grooby,ggroobyhc@quantcast.com,Male,37.115.187.76
626,Clifford,O'Cridigan,cocridiganhd@ca.gov,Male,162.58.214.181
627,Nicolais,Keddy,nkeddyhe@myspace.com,Male,92.158.223.86
628,Sherwynd,Dickon,sdickonhf@w3.org,Male,242.179.249.35
629,Skippie,Lorincz,slorinczhg@fotki.com,Male,105.2.79.92
630,Marlyn,Hoofe,mhoofehh@privacy.gov.au,Female,185.122.175.74
631,Perceval,Plowright,pplowrighthi@hibu.com,Male,13.181.50.88
632,Warden,Kester,wkesterhj@histats.com,Male,200.203.44.60
633,Megen,Gapper,mgapperhk@abc.net.au,Female,203.131.211.102
634,Patrica,Gabbot,pgabbothl@trellian.com,Female,20.155.3.181
635,Jori,Willmott,jwillmotthm@phoca.cz,Female,154.16.152.228
636,Nigel,Splaven,nsplavenhn@tamu.edu,Male,83.137.206.249
637,Bram,Petry,bpetryho@youtube.com,Male,137.19.44.79
638,Valeda,Yegoshin,vyegoshinhp@about.me,Female,62.52.21.68
639,Chrysler,Loftus,cloftushq@comsenz.com,Female,245.47.163.217
640,Andy,Klimashevich,aklimashevichhr@pbs.org,Female,87.82.226.162
641,Marshall,Brimham,mbrimhamhs@pen.io,Male,54.174.148.195
642,Yves,Sercombe,ysercombeht@bravesites.com,Male,216.29.41.40
643,Kingsly,Cawthery,kcawtheryhu@issuu.com,Male,93.225.162.111
644,Ilario,Pember,ipemberhv@bing.com,Male,176.70.97.18
645,Jamaal,Naris,jnarishw@columbia.edu,Genderfluid,122.100.58.78
646,Quillan,Freckelton,qfreckeltonhx@mlb.com,Male,29.87.86.47
647,Arlie,Paolini,apaolinihy@miibeian.gov.cn,Female,195.171.24.0
648,Corine,Glidder,cglidderhz@github.io,Female,106.164.96.189
649,Ronny,Kitter,rkitteri0@wp.com,Female,174.255.212.139
650,Gregor,Hambidge,ghambidgei1@quantcast.com,Male,45.247.178.218
651,Tommie,Drewet,tdreweti2@seattletimes.com,Male,74.27.76.63
652,Jo,Tunnick,jtunnicki3@newsvine.com,Female,69.149.135.138
653,Stacee,Wooffinden,swooffindeni4@uol.com.br,Female,173.48.94.83
654,Grantley,Culham,gculhami5@webmd.com,Male,108.43.29.37
655,Case,Parman,cparmani6@drupal.org,Male,210.133.193.213
656,Brandy,Moffett,bmoffetti7@elegantthemes.com,Male,170.239.184.229
657,Kaile,Deverick,kdevericki8@geocities.com,Female,171.79.98.240
658,Fleming,McGloin,fmcgloini9@reference.com,Male,48.67.237.203
659,Creighton,Johnsson,cjohnssonia@uol.com.br,Non-binary,235.70.184.147
660,Woodman,Bartlett,wbartlettib@pen.io,Male,197.128.90.112
661,Rutter,Wharby,rwharbyic@berkeley.edu,Male,48.236.202.234
662,Madge,Sproston,msprostonid@google.com,Polygender,86.160.188.238
663,Rivy,Murie,rmurieie@mit.edu,Non-binary,152.16.58.72
664,Dieter,Fontelles,dfontellesif@aol.com,Male,117.173.189.169
665,Flin,Jaszczak,fjaszczakig@theguardian.com,Male,68.177.85.205
666,Deny,Pollington,dpollingtonih@sfgate.com,Female,78.225.178.43
667,Dwight,Tuxwell,dtuxwellii@liveinternet.ru,Male,129.15.76.253
668,Joannes,Mennell,jmennellij@theatlantic.com,Female,166.253.1.117
669,Sandye,Sandever,ssandeverik@fc2.com,Female,173.87.235.156
670,Cam,Bloss,cblossil@ocn.ne.jp,Male,84.57.215.67
671,Itch,Demsey,idemseyim@fda.gov,Male,39.107.110.243
672,Arliene,Bartoletti,abartolettiin@wix.com,Female,160.212.166.8
673,Mikey,Tolcher,mtolcherio@omniture.com,Male,48.141.146.127
674,Shauna,Toppes,stoppesip@ezinearticles.com,Female,101.57.15.126
675,Pammie,Albarez,palbareziq@csmonitor.com,Female,100.66.201.146
676,Hastings,Perree,hperreeir@yellowpages.com,Male,151.153.55.207
677,Cody,Horick,chorickis@yale.edu,Male,97.245.199.117
678,Eb,Ferfulle,eferfulleit@friendfeed.com,Male,103.153.97.212
679,Odelle,Outibridge,ooutibridgeiu@apple.com,Female,223.101.14.197
680,Jeanna,Klaaassen,jklaaasseniv@icq.com,Female,97.1.111.255
681,Herrick,Maybey,hmaybeyiw@nyu.edu,Male,177.248.9.130
682,Emmaline,Sexty,esextyix@berkeley.edu,Female,39.32.234.150
683,Barbabas,Noir,bnoiriy@miitbeian.gov.cn,Male,175.58.160.75
684,Poul,Coolahan,pcoolahaniz@icio.us,Male,2.22.201.219
685,Kendall,Surgeoner,ksurgeonerj0@pagesperso-orange.fr,Male,84.167.143.236
686,Illa,Mapstone,imapstonej1@nydailynews.com,Female,80.32.92.230
687,Trevar,Standen,tstandenj2@accuweather.com,Male,66.75.9.68
688,Orton,Stonall,ostonallj3@intel.com,Genderfluid,70.237.223.232
689,My,Wythill,mwythillj4@cornell.edu,Male,102.199.185.226
690,Jonathan,Andrez,jandrezj5@ovh.net,Male,194.104.47.129
691,Beatriz,Stillman,bstillmanj6@ask.com,Female,13.143.222.173
692,Frasquito,Sudddard,fsudddardj7@tmall.com,Genderfluid,113.97.216.102
693,Hank,Lound,hloundj8@paginegialle.it,Male,240.29.230.130
694,Rebekah,Gadd,rgaddj9@usda.gov,Female,223.153.184.23
695,Rivy,Cullity,rcullityja@ftc.gov,Genderqueer,56.241.22.252
696,Kala,Manjin,kmanjinjb@arstechnica.com,Female,56.144.140.29
697,Kearney,Martineau,kmartineaujc@google.com.br,Male,89.114.187.76
698,Agna,Killingsworth,akillingsworthjd@upenn.edu,Female,176.186.233.223
699,Ardelia,O'Keenan,aokeenanje@surveymonkey.com,Female,147.98.230.192
700,Bing,Hazlewood,bhazlewoodjf@deviantart.com,Male,113.32.94.233
701,Eldridge,Spenton,espentonjg@sogou.com,Male,146.167.195.168
702,Madelena,Mattussevich,mmattussevichjh@google.es,Female,163.173.186.118
703,Virginia,Schwandermann,vschwandermannji@gravatar.com,Female,183.8.166.151
704,Winfred,Ball,wballjj@who.int,Male,226.56.93.99
705,Marchall,Gerrard,mgerrardjk@dailymail.co.uk,Male,3.149.57.163
706,Johnnie,Hughlock,jhughlockjl@nba.com,Polygender,4.85.208.242
707,Alvina,Conahy,aconahyjm@dropbox.com,Female,173.49.250.250
708,Danni,Twaits,dtwaitsjn@tmall.com,Female,36.238.72.244
709,Oran,Aim,oaimjo@taobao.com,Male,150.189.18.9
710,Ira,Westbrook,iwestbrookjp@house.gov,Female,12.158.111.83
711,Adam,Strafen,astrafenjq@alexa.com,Male,108.32.64.15
712,Thayne,Munroe,tmunroejr@cpanel.net,Male,177.109.71.88
713,Norri,Amiable,namiablejs@paypal.com,Female,110.125.232.129
714,Jeanne,McEntegart,jmcentegartjt@msn.com,Female,241.60.7.165
715,Zeb,Mergue,zmergueju@cbc.ca,Male,253.87.14.104
716,Ingrim,Salomon,isalomonjv@angelfire.com,Male,147.0.23.106
717,Branden,Foster,bfosterjw@cbsnews.com,Male,173.34.141.42
718,Jerome,McKenna,jmckennajx@sun.com,Male,238.135.233.5
719,Rand,Kretchmer,rkretchmerjy@craigslist.org,Male,27.252.228.253
720,Ada,Dale,adalejz@tamu.edu,Female,142.131.124.142
721,Leigh,Pybus,lpybusk0@apple.com,Male,99.2.223.158
722,Verine,Purveys,vpurveysk1@addthis.com,Female,111.239.151.54
723,Darcy,Flemming,dflemmingk2@reuters.com,Male,83.203.244.29
724,Guthrey,Chang,gchangk3@cornell.edu,Male,247.28.82.134
725,Ana,Neeves,aneevesk4@youtube.com,Female,201.146.60.103
726,Staffard,Arzu,sarzuk5@scientificamerican.com,Male,88.146.123.136
727,Jessee,Bickers,jbickersk6@chronoengine.com,Male,210.57.187.249
728,Lucho,Boise,lboisek7@reddit.com,Genderfluid,186.12.109.127
729,Joell,Warbys,jwarbysk8@phpbb.com,Female,209.76.102.189
730,Cammy,Gellan,cgellank9@xrea.com,Female,198.186.172.119
731,Kirsteni,Postgate,kpostgateka@vimeo.com,Polygender,198.181.126.16
732,Cletus,Laden,cladenkb@php.net,Male,60.5.48.47
733,Yorke,Gough,ygoughkc@jiathis.com,Male,136.52.185.192
734,Armando,Welbourn,awelbournkd@is.gd,Male,166.160.10.95
735,Dallas,Howcroft,dhowcroftke@sun.com,Male,238.206.197.208
736,Anne-corinne,Hukin,ahukinkf@latimes.com,Agender,139.107.66.100
737,Homerus,Giuron,hgiuronkg@qq.com,Genderfluid,161.207.143.144
738,Jeanelle,Coatts,jcoattskh@si.edu,Female,129.189.123.185
739,Shane,Posselt,sposseltki@slashdot.org,Polygender,33.3.234.0
740,Cris,Gimenez,cgimenezkj@epa.gov,Male,166.122.108.14
741,Gene,Crosswaite,gcrosswaitekk@virginia.edu,Male,83.77.24.113
742,Patrica,Wohler,pwohlerkl@narod.ru,Female,120.121.234.248
743,Ingra,Roggerone,iroggeronekm@ucla.edu,Male,124.93.193.170
744,Nisse,Bellany,nbellanykn@woothemes.com,Female,238.168.25.90
745,Karla,Bumpas,kbumpasko@zdnet.com,Female,106.9.35.143
746,Kai,Nottingham,knottinghamkp@last.fm,Female,18.174.235.108
747,Calv,Murrells,cmurrellskq@walmart.com,Male,0.141.57.103
748,Claudio,Bruinsma,cbruinsmakr@about.com,Male,201.245.254.239
749,Tim,Culshew,tculshewks@moonfruit.com,Genderqueer,40.144.24.111
750,Eberhard,Steutly,esteutlykt@buzzfeed.com,Genderfluid,41.23.183.72
751,Pembroke,Lavall,plavallku@bandcamp.com,Male,24.97.72.10
752,Vinny,McPhilip,vmcphilipkv@guardian.co.uk,Male,251.5.130.245
753,Malchy,Avieson,maviesonkw@ed.gov,Male,124.103.122.167
754,Remy,Le Franc,rlefranckx@canalblog.com,Agender,9.127.219.196
755,Whitby,Pinnijar,wpinnijarky@blogger.com,Bigender,188.23.242.81
756,Cullin,Iannuzzi,ciannuzzikz@tinyurl.com,Male,131.153.209.221
757,Germaine,Pledge,gpledgel0@whitehouse.gov,Male,38.93.173.234
758,Luisa,Hackworthy,lhackworthyl1@sina.com.cn,Female,42.196.0.59
759,Glenden,Ramard,gramardl2@biglobe.ne.jp,Male,210.111.162.15
760,Emilee,Watkiss,ewatkissl3@gov.uk,Female,193.106.195.227
761,Norry,Manser,nmanserl4@noaa.gov,Female,118.191.97.120
762,Marjory,Rizzone,mrizzonel5@jalbum.net,Female,142.108.198.197
763,Gena,Rough,groughl6@go.com,Female,82.53.62.148
764,Delaney,Diddams,ddiddamsl7@soup.io,Male,189.240.157.226
765,Viv,Keasley,vkeasleyl8@ovh.net,Genderqueer,222.26.18.35
766,Milo,McGinny,mmcginnyl9@flickr.com,Genderfluid,249.213.31.11
767,Mahmud,Bratch,mbratchla@hexun.com,Male,93.64.159.42
768,Nelle,Blabber,nblabberlb@redcross.org,Non-binary,210.105.52.224
769,Martita,Killgus,mkillguslc@smugmug.com,Female,112.231.137.189
770,Neila,Chaster,nchasterld@google.es,Female,238.24.164.175
771,Marne,Frear,mfrearle@usatoday.com,Female,197.159.22.127
772,Sashenka,Langforth,slangforthlf@wired.com,Agender,26.211.47.226
773,Derril,Jayme,djaymelg@so-net.ne.jp,Male,226.250.1.99
774,Irina,Ioan,iioanlh@goo.ne.jp,Female,5.247.14.23
775,Lee,Mangeon,lmangeonli@studiopress.com,Female,173.243.247.119
776,Hymie,Pople,hpoplelj@comsenz.com,Male,124.130.117.124
777,Elena,Fierman,efiermanlk@buzzfeed.com,Female,202.47.178.134
778,Hubert,Tapsfield,htapsfieldll@ed.gov,Male,33.68.144.130
779,Conrad,Housbey,chousbeylm@adobe.com,Male,100.32.188.179
780,Gregory,Ozelton,gozeltonln@unicef.org,Male,181.50.3.77
781,Milo,Colrein,mcolreinlo@simplemachines.org,Male,47.55.178.29
782,Kimbell,Shields,kshieldslp@canalblog.com,Male,177.91.209.145
783,Thayne,Grinnikov,tgrinnikovlq@ft.com,Male,145.104.142.153
784,Torey,Hartzogs,thartzogslr@e-recht24.de,Female,76.86.115.233
785,Padget,Pasque,ppasquels@xing.com,Male,89.71.26.202
786,Siobhan,Lloyds,slloydslt@utexas.edu,Female,224.25.78.94
787,Mercie,Waddell,mwaddelllu@mtv.com,Female,155.45.212.200
788,Elvera,Beels,ebeelslv@cam.ac.uk,Female,106.3.148.147
789,Aylmer,Cater,acaterlw@businessweek.com,Male,37.238.6.37
790,Nonna,Deniske,ndeniskelx@nyu.edu,Female,133.245.226.145
791,Marlane,Berr,mberrly@dailymail.co.uk,Female,44.116.211.145
792,Cyndia,Cranham,ccranhamlz@so-net.ne.jp,Female,113.82.144.204
793,Cleveland,Le Sieur,clesieurm0@opera.com,Male,0.235.39.126
794,Nananne,Tournay,ntournaym1@cdbaby.com,Female,45.58.98.99
795,Aggie,Di Biagio,adibiagiom2@wordpress.com,Polygender,104.195.225.182
796,Filip,Lusk,fluskm3@amazon.co.uk,Male,72.205.114.105
797,Lou,Gabbidon,lgabbidonm4@sciencedaily.com,Male,181.41.41.16
798,Gertrudis,Chappelle,gchappellem5@chronoengine.com,Female,197.39.46.140
799,Stuart,Branney,sbranneym6@cyberchimps.com,Male,137.182.165.198
800,Rosemaria,Franzewitch,rfranzewitchm7@yellowbook.com,Female,65.26.173.197
801,Chico,Chillingworth,cchillingworthm8@weather.com,Male,119.182.72.68
802,Les,Tieraney,ltieraneym9@ihg.com,Male,140.147.53.35
803,Norri,Athow,nathowma@usa.gov,Female,143.212.254.160
804,Itch,St Leger,istlegermb@webmd.com,Male,193.91.220.52
805,Nico,Hodgets,nhodgetsmc@cyberchimps.com,Male,207.139.142.135
806,Abrahan,Orteaux,aorteauxmd@netscape.com,Male,151.134.222.155
807,Mord,Salleir,msalleirme@mozilla.org,Male,145.230.148.226
808,Kristen,Wickersley,kwickersleymf@storify.com,Female,32.253.55.142
809,Lucky,Beeho,lbeehomg@elegantthemes.com,Female,20.139.166.140
810,Adams,Emmison,aemmisonmh@buzzfeed.com,Male,120.246.63.49
811,Jerrilyn,Hardistry,jhardistrymi@bing.com,Female,7.144.179.132
812,Karin,Berkely,kberkelymj@vkontakte.ru,Female,184.170.166.211
813,Walther,Penticoot,wpenticootmk@scientificamerican.com,Male,245.53.46.28
814,Mikaela,Ludgate,mludgateml@baidu.com,Female,8.167.84.254
815,Kate,Porkiss,kporkissmm@whitehouse.gov,Female,160.58.228.219
816,Stevena,Constantine,sconstantinemn@hibu.com,Female,235.231.198.241
817,Kare,Titchener,ktitchenermo@vkontakte.ru,Female,218.138.236.235
818,Andree,Stuffins,astuffinsmp@msu.edu,Female,233.125.124.19
819,Rayner,Grayley,rgrayleymq@gmpg.org,Male,210.179.157.241
820,Erny,Scurrell,escurrellmr@xinhuanet.com,Male,78.11.233.137
821,Bren,Galiford,bgalifordms@oaic.gov.au,Male,226.40.252.224
822,Bryant,De Gowe,bdegowemt@cbc.ca,Male,25.103.121.137
823,Merilee,Reast,mreastmu@auda.org.au,Female,28.201.125.182
824,Ignatius,Lias,iliasmv@go.com,Male,14.147.186.221
825,Querida,Straniero,qstranieromw@parallels.com,Female,43.50.135.164
826,Sean,Kincaid,skincaidmx@imageshack.us,Male,182.138.147.16
827,Lisabeth,Gladbach,lgladbachmy@jalbum.net,Female,94.210.97.251
828,Myrwyn,Bradlaugh,mbradlaughmz@prnewswire.com,Male,157.114.107.143
829,Turner,Goldberg,tgoldbergn0@tmall.com,Male,149.83.190.17
830,Dulcie,Faltin,dfaltinn1@devhub.com,Female,247.9.17.52
831,Ole,Wegener,owegenern2@multiply.com,Genderfluid,120.106.95.194
832,Hogan,Faulo,hfaulon3@rambler.ru,Male,105.108.87.25
833,Frederigo,Victoria,fvictorian4@canalblog.com,Agender,234.41.204.233
834,Garik,Cowerd,gcowerdn5@slate.com,Male,154.33.158.173
835,Francyne,Fatkin,ffatkinn6@amazon.co.jp,Female,10.72.233.144
836,Lanna,Cunney,lcunneyn7@smh.com.au,Female,13.107.48.82
837,Shawn,Presnall,spresnalln8@mapquest.com,Polygender,48.157.186.146
838,Renelle,Clarkin,rclarkinn9@networksolutions.com,Female,212.129.73.184
839,Bartlet,Longmire,blongmirena@t.co,Male,175.161.237.100
840,Solly,Rigeby,srigebynb@oaic.gov.au,Male,36.191.216.124
841,Denys,Yitzhakov,dyitzhakovnc@hostgator.com,Female,18.180.230.23
842,Tonya,Kondrat,tkondratnd@e-recht24.de,Female,76.40.94.120
843,Codie,Shapcott,cshapcottne@irs.gov,Male,87.183.194.253
844,Mala,Bullerwell,mbullerwellnf@mayoclinic.com,Female,123.187.55.212
845,Paddie,Danilewicz,pdanilewiczng@arstechnica.com,Male,162.212.104.75
846,Barbabas,Skerratt,bskerrattnh@amazon.co.uk,Male,188.20.101.1
847,Leland,Waddicor,lwaddicorni@163.com,Male,171.5.171.56
848,Jackson,Paffitt,jpaffittnj@prnewswire.com,Male,144.120.136.135
849,Buddy,Amps,bampsnk@yellowbook.com,Agender,2.61.137.131
850,Benedikt,Flaxman,bflaxmannl@yolasite.com,Male,244.154.141.184
851,Ira,Goadby,igoadbynm@oracle.com,Male,180.180.135.163
852,Ebonee,Birkenshaw,ebirkenshawnn@is.gd,Female,234.207.183.45
853,Aindrea,Friman,afrimanno@constantcontact.com,Female,101.37.86.234
854,Brittani,Gleadhall,bgleadhallnp@123-reg.co.uk,Polygender,160.144.229.175
855,Kasper,Addionizio,kaddionizionq@telegraph.co.uk,Male,198.243.112.82
856,Brien,Medway,bmedwaynr@google.com.br,Male,174.77.227.233
857,Maisey,Tuttle,mtuttlens@devhub.com,Female,8.44.125.146
858,Helge,Ridgway,hridgwaynt@microsoft.com,Female,104.86.43.205
859,Burton,Soares,bsoaresnu@wisc.edu,Male,81.229.245.168
860,Mara,Shales,mshalesnv@wunderground.com,Female,62.81.202.98
861,Joanie,Hardway,jhardwaynw@gmpg.org,Female,113.221.238.94
862,Jewelle,Rabbe,jrabbenx@quantcast.com,Female,65.128.0.124
863,Marcelle,Stutely,mstutelyny@nytimes.com,Female,134.79.220.156
864,Kyle,Grunson,kgrunsonnz@gmpg.org,Male,141.242.89.62
865,Hercule,Dessent,hdessento0@php.net,Male,93.21.52.105
866,Franny,Treagus,ftreaguso1@bloglines.com,Male,127.16.63.249
867,Sylvan,Castana,scastanao2@rakuten.co.jp,Male,96.146.134.166
868,Efrem,Kippins,ekippinso3@google.ru,Male,22.199.35.46
869,Breanne,Raffin,braffino4@etsy.com,Female,157.86.246.211
870,Cammy,Collinge,ccollingeo5@xrea.com,Male,144.39.163.205
871,Lindie,Kenyam,lkenyamo6@quantcast.com,Female,249.250.113.17
872,Correy,Pendleberry,cpendleberryo7@blinklist.com,Male,80.57.138.18
873,Hillery,Halladey,hhalladeyo8@nps.gov,Male,81.3.236.121
874,Lenora,Loades,lloadeso9@shutterfly.com,Female,208.39.131.66
875,Jodee,Cristou,jcristouoa@si.edu,Bigender,243.157.120.148
876,Shaun,Housby,shousbyob@japanpost.jp,Male,127.87.95.177
877,Angela,Scullin,ascullinoc@altervista.org,Female,34.116.255.102
878,Eveleen,Allitt,eallittod@irs.gov,Female,72.83.21.118
879,Cherice,Petracco,cpetraccooe@shareasale.com,Female,161.177.138.107
880,Nester,Deneve,ndeneveof@w3.org,Male,82.60.15.176
881,Emanuele,Swigger,eswiggerog@mozilla.com,Non-binary,106.233.187.122
882,Jarred,Beldan,jbeldanoh@rambler.ru,Male,49.19.169.148
883,Bliss,Burchnall,bburchnalloi@cyberchimps.com,Female,239.183.215.70
884,Broddy,Sobieski,bsobieskioj@miitbeian.gov.cn,Male,230.2.222.46
885,Tait,Records,trecordsok@pcworld.com,Male,34.84.45.59
886,Nathanil,Sangwin,nsangwinol@barnesandnoble.com,Male,232.175.84.186
887,Palm,Zeale,pzealeom@mayoclinic.com,Male,178.209.25.33
888,Kylila,Cord,kcordon@freewebs.com,Female,77.209.80.229
889,Corbin,Kobke,ckobkeoo@hibu.com,Male,167.255.226.77
890,Lark,Bielby,lbielbyop@ftc.gov,Genderfluid,212.158.118.84
891,Neel,Ding,ndingoq@bbb.org,Polygender,36.122.50.226
892,Allis,Jillins,ajillinsor@earthlink.net,Genderfluid,198.17.198.152
893,Duke,Feeney,dfeeneyos@bloomberg.com,Male,211.214.60.208
894,Maris,Van der Kruis,mvanderkruisot@scribd.com,Female,27.27.103.112
895,Kareem,Jankovsky,kjankovskyou@archive.org,Male,166.138.118.0
896,Napoleon,Downie,ndownieov@google.ca,Male,63.101.236.202
897,Etheline,Savatier,esavatierow@meetup.com,Genderfluid,227.103.142.21
898,Claudian,Spearett,cspearettox@feedburner.com,Male,103.203.37.111
899,Aldric,Rockwell,arockwelloy@blogs.com,Polygender,190.225.53.47
900,Ricki,Hentzeler,rhentzeleroz@w3.org,Male,196.176.126.198
901,Manolo,Hupe,mhupep0@fc2.com,Agender,237.182.182.53
902,Kippy,Castleton,kcastletonp1@amazon.co.jp,Female,246.27.4.181
903,Lu,Holt,lholtp2@liveinternet.ru,Female,80.136.88.243
904,Filippo,McCartney,fmccartneyp3@slideshare.net,Male,203.158.153.29
905,Madeleine,Sydall,msydallp4@sbwire.com,Agender,240.33.10.98
906,Alaster,Morando,amorandop5@cocolog-nifty.com,Male,107.227.26.11
907,Timmie,Hilley,thilleyp6@instagram.com,Male,197.139.32.182
908,Zarla,Heaker,zheakerp7@fastcompany.com,Female,97.103.96.246
909,Clemens,Bradnocke,cbradnockep8@vistaprint.com,Male,74.111.74.41
910,Mara,Ellesmere,mellesmerep9@bbc.co.uk,Female,95.224.183.228
911,Hilda,Lomas,hlomaspa@biglobe.ne.jp,Female,112.204.253.79
912,Rhys,William,rwilliampb@nbcnews.com,Male,145.117.104.127
913,Gilberte,Perel,gperelpc@prnewswire.com,Female,208.101.163.153
914,Laurette,Shropsheir,lshropsheirpd@theglobeandmail.com,Female,133.148.65.17
915,Trixie,Reynoldson,treynoldsonpe@tumblr.com,Female,145.223.191.138
916,Trumann,Doxey,tdoxeypf@jigsy.com,Genderqueer,143.253.185.48
917,Findlay,Gilfether,fgilfetherpg@dyndns.org,Male,144.103.131.152
918,Hetty,Mannix,hmannixph@sakura.ne.jp,Female,63.250.116.108
919,Wayland,Davidzon,wdavidzonpi@nih.gov,Male,53.68.176.33
920,Paxton,Andrivot,pandrivotpj@businesswire.com,Male,206.144.212.237
921,Veronike,Merrikin,vmerrikinpk@army.mil,Female,58.64.88.115
922,Erin,Benaine,ebenainepl@nyu.edu,Male,23.193.61.234
923,Dev,Sheahan,dsheahanpm@w3.org,Male,229.222.220.137
924,Ranique,Phipp,rphipppn@amazon.co.jp,Female,161.144.152.189
925,Rivalee,Cowland,rcowlandpo@vistaprint.com,Female,48.131.225.249
926,Daria,Clint,dclintpp@imdb.com,Female,66.158.141.183
927,Alex,Boat,aboatpq@cdc.gov,Male,72.145.131.132
928,Jan,Spraging,jspragingpr@guardian.co.uk,Male,229.191.213.155
929,Mozes,Reekie,mreekieps@github.com,Male,98.121.74.80
930,Niki,Yurchenko,nyurchenkopt@discovery.com,Male,194.190.204.138
931,Richie,Raulstone,rraulstonepu@newyorker.com,Male,71.38.245.49
932,Constantine,Fuentes,cfuentespv@g.co,Male,229.115.6.118
933,Chane,Scouse,cscousepw@webmd.com,Male,37.198.110.88
934,Tedmund,De Stoop,tdestooppx@squarespace.com,Male,192.8.176.87
935,Hillard,O'Kane,hokanepy@hubpages.com,Male,32.212.23.221
936,Melly,Swynley,mswynleypz@miitbeian.gov.cn,Female,150.165.216.222
937,Les,Fosse,lfosseq0@storify.com,Male,146.212.247.152
938,Orland,Orcott,oorcottq1@skyrock.com,Non-binary,226.129.221.48
939,Viviene,Daltry,vdaltryq2@usda.gov,Female,88.74.31.133
940,Myrlene,Jasper,mjasperq3@yellowbook.com,Female,114.36.220.121
941,Wilfrid,Gibbings,wgibbingsq4@cyberchimps.com,Male,247.21.21.4
942,Dugald,Deniskevich,ddeniskevichq5@dagondesign.com,Genderqueer,37.240.197.50
943,Alley,Loveland,alovelandq6@icio.us,Male,26.185.221.213
944,Issy,Mordey,imordeyq7@seesaa.net,Female,73.111.70.20
945,Janet,Jimpson,jjimpsonq8@answers.com,Female,53.254.81.129
946,Sherye,Thirlaway,sthirlawayq9@mozilla.org,Polygender,245.107.65.2
947,Eb,Batsford,ebatsfordqa@illinois.edu,Male,5.228.242.17
948,Ania,Bottinelli,abottinelliqb@bloglovin.com,Female,37.171.157.240
949,Kandy,Gilbride,kgilbrideqc@umn.edu,Female,255.19.67.42
950,Jeannie,Downham,jdownhamqd@t-online.de,Female,4.185.42.184
951,Dayle,Spores,dsporesqe@joomla.org,Female,174.93.144.49
952,Lazaro,Scrowton,lscrowtonqf@walmart.com,Male,166.175.149.138
953,Wanda,Blethin,wblethinqg@mac.com,Female,170.203.168.231
954,Ingunna,Beddard,ibeddardqh@yahoo.com,Bigender,172.61.47.248
955,Blithe,MacLise,bmacliseqi@eventbrite.com,Female,53.112.143.150
956,Cookie,Bonfield,cbonfieldqj@4shared.com,Female,148.223.250.78
957,Locke,Helliar,lhelliarqk@geocities.jp,Male,166.76.36.123
958,Irene,Ackhurst,iackhurstql@berkeley.edu,Female,240.250.237.157
959,Willette,Rohlf,wrohlfqm@last.fm,Female,171.30.184.134
960,Marlyn,Bardnam,mbardnamqn@imdb.com,Female,116.26.223.45
961,Gibbie,Breckon,gbreckonqo@tinypic.com,Male,150.23.246.25
962,Ambrosius,Berick,aberickqp@unesco.org,Male,92.87.39.81
963,Ardeen,Dyster,adysterqq@dmoz.org,Bigender,37.66.25.1
964,Napoleon,MacKey,nmackeyqr@gov.uk,Male,171.62.243.148
965,Drucy,Patry,dpatryqs@admin.ch,Female,215.233.125.188
966,Norina,Vandenhoff,nvandenhoffqt@domainmarket.com,Female,160.26.192.25
967,Kurtis,Rebanks,krebanksqu@mozilla.com,Male,41.131.203.14
968,Ange,Roylance,aroylanceqv@foxnews.com,Male,117.103.173.28
969,Pamelina,Yandell,pyandellqw@homestead.com,Female,21.96.118.247
970,Isis,Kornousek,ikornousekqx@ebay.co.uk,Female,105.230.11.194
971,Orin,Morgen,omorgenqy@theglobeandmail.com,Agender,105.234.116.255
972,Patric,Skellon,pskellonqz@mapy.cz,Bigender,253.218.171.152
973,Willi,Iannetti,wiannettir0@hud.gov,Female,108.56.228.49
974,Brien,Eddison,beddisonr1@google.com.hk,Polygender,102.242.228.228
975,Mitchael,Quincey,mquinceyr2@addtoany.com,Male,39.233.77.87
976,Nesta,Degg,ndeggr3@phoca.cz,Female,143.246.214.27
977,Ulick,Borlease,uborleaser4@jimdo.com,Male,244.89.196.88
978,Cthrine,Dunkerton,cdunkertonr5@51.la,Non-binary,11.56.142.151
979,Jilli,Blodgett,jblodgettr6@people.com.cn,Female,168.90.72.158
980,Mable,Ricards,mricardsr7@nature.com,Female,239.117.36.103
981,Aleda,Serman,asermanr8@hao123.com,Female,165.251.19.33
982,Milena,Prattington,mprattingtonr9@zimbio.com,Female,102.53.159.151
983,Janina,Braisted,jbraistedra@godaddy.com,Female,233.169.108.231
984,Aloin,Fenney,afenneyrb@jugem.jp,Male,116.195.139.151
985,Rab,Tomaskunas,rtomaskunasrc@youtu.be,Male,18.198.44.208
986,Osbert,Lukasen,olukasenrd@senate.gov,Polygender,44.18.241.207
987,Lucienne,Kaye,lkayere@wikia.com,Agender,131.14.197.235
988,Waylon,Cabell,wcabellrf@unicef.org,Male,102.178.218.62
989,Barrie,Richings,brichingsrg@salon.com,Genderqueer,211.186.11.217
990,Boote,Belhomme,bbelhommerh@theglobeandmail.com,Male,223.180.148.103
991,Benn,Boyd,bboydri@cloudflare.com,Male,77.182.214.175
992,Ingmar,Jugging,ijuggingrj@ameblo.jp,Male,26.104.180.235
993,Angeli,Whitmarsh,awhitmarshrk@earthlink.net,Male,128.249.77.199
994,Padriac,Corlett,pcorlettrl@wiley.com,Male,19.124.210.205
995,Rory,Meriton,rmeritonrm@bbc.co.uk,Male,45.188.239.220
996,Rosalinda,Batie,rbatiern@yelp.com,Female,144.19.199.211
997,Pavel,Beach,pbeachro@surveymonkey.com,Male,219.228.247.200
998,Charlotta,Hailston,chailstonrp@nih.gov,Female,65.155.255.247
999,Charmine,Edis,cedisrq@toplist.cz,Female,211.246.151.166
1000,Glynis,Lafflina,glafflinarr@webmd.com,Female,181.92.23.192
